﻿<configuration>
  <configSections>
    <section name="unity" type="Microsoft.Practices.Unity.Configuration.UnityConfigurationSection, Microsoft.Practices.Unity.Configuration"/>
  </configSections>
  <unity>
    <containers>
      <container name="ruanmouContainer">
        <register type="System.Data.Entity.DbContext, EntityFramework" mapTo="EFModel.EFDbContext,EFModel"/>
        <!--<register type="IService.IUserService,IService" mapTo="Service.UserService, Service"/>-->
        <register type="Repository.IDeptRepository,Repository" mapTo="Repository.Resp.DeptRepository,Repository.Resp"/>
        <register type="Service.IDeptService,Service" mapTo="Service.Imp.DeptService,Service.Imp"/>
        <!--<register type="IService.ICommonService,IService" mapTo="Service.CommonService, Service"/>-->
      </container>
    </containers>
  </unity>
</configuration>